index	seqName	clade	clade_display	clade_who	clade_nextstrain	partiallyAliased	Nextclade_pango	qc.overallScore	qc.overallStatus	totalSubstitutions	totalDeletions	totalInsertions	totalFrameShifts	totalMissing	totalNonACGTNs	totalAminoacidSubstitutions	totalAminoacidDeletions	totalAminoacidInsertions	totalUnknownAa	alignmentScore	alignmentStart	alignmentEnd	coverage	cdsCoverage	isReverseComplement	substitutions	deletions	insertions	frameShifts	aaSubstitutions	aaDeletions	aaInsertions	privateNucMutations.reversionSubstitutions	privateNucMutations.labeledSubstitutions	privateNucMutations.unlabeledSubstitutions	privateNucMutations.totalReversionSubstitutions	privateNucMutations.totalLabeledSubstitutions	privateNucMutations.totalUnlabeledSubstitutions	privateNucMutations.totalPrivateSubstitutions	privateAaMutations.reversionSubstitutions	privateAaMutations.labeledSubstitutions	privateAaMutations.unlabeledSubstitutions	privateAaMutations.totalReversionSubstitutions	privateAaMutations.totalLabeledSubstitutions	privateAaMutations.totalUnlabeledSubstitutions	privateAaMutations.totalPrivateSubstitutions	missing	founderMuts['clade'].nodeName	founderMuts['clade'].substitutions	founderMuts['clade'].deletions	founderMuts['clade'].aaSubstitutions	founderMuts['clade'].aaDeletions	founderMuts['Nextclade_pango'].nodeName	founderMuts['Nextclade_pango'].substitutions	founderMuts['Nextclade_pango'].deletions	founderMuts['Nextclade_pango'].aaSubstitutions	founderMuts['Nextclade_pango'].aaDeletions	relativeMutations['JN.1 (24A)'].nodeName	relativeMutations['JN.1 (24A)'].substitutions	relativeMutations['JN.1 (24A)'].deletions	relativeMutations['JN.1 (24A)'].aaSubstitutions	relativeMutations['JN.1 (24A)'].aaDeletions	relativeMutations['XBB.1.5 (23A)'].nodeName	relativeMutations['XBB.1.5 (23A)'].substitutions	relativeMutations['XBB.1.5 (23A)'].deletions	relativeMutations['XBB.1.5 (23A)'].aaSubstitutions	relativeMutations['XBB.1.5 (23A)'].aaDeletions	unknownAaRanges	nonACGTNs	qc.missingData.missingDataThreshold	qc.missingData.score	qc.missingData.status	qc.missingData.totalMissing	qc.mixedSites.mixedSitesThreshold	qc.mixedSites.score	qc.mixedSites.status	qc.mixedSites.totalMixedSites	qc.privateMutations.cutoff	qc.privateMutations.excess	qc.privateMutations.score	qc.privateMutations.status	qc.privateMutations.total	qc.snpClusters.clusteredSNPs	qc.snpClusters.score	qc.snpClusters.status	qc.snpClusters.totalSNPs	qc.frameShifts.frameShifts	qc.frameShifts.totalFrameShifts	qc.frameShifts.frameShiftsIgnored	qc.frameShifts.totalFrameShiftsIgnored	qc.frameShifts.score	qc.frameShifts.status	qc.stopCodons.stopCodons	qc.stopCodons.totalStopCodons	qc.stopCodons.score	qc.stopCodons.status	totalPcrPrimerChanges	pcrPrimerChanges	failedCdses	warnings	errors
3	Norway/3331/2025	24F	24F (XEC)		24F	XEC.11.1	XEC.11.1	7.923182	good	132	42	0	0	1060	0	96	17	0	352	84049	1129	29733	0.9211450356151557	E:1,M:1,N:1,ORF1a:0.9213815042035901,ORF1b:0.891320474777448,ORF3a:1,ORF6:1,ORF7a:1,ORF7b:1,ORF8:1,ORF9b:1,S:1	false	G2060A,C2790T,C3037T,G3431T,T3565C,T3707C,G4184A,C4321T,A6183G,G6533T,A7842G,C8293T,G8393A,C9344T,A9424G,C9534T,C10029T,C10198T,G10447A,C10449A,G11042T,G11727A,C12789T,C12815T,C12880T,T13339C,C14408T,C15714T,T15756A,C16887T,C17410T,A18163G,A18492G,C18657T,C18894T,C19716T,C19955T,A20055G,C21618T,C21622T,G21624C,C21627A,C21711T,T21738C,G21941T,G21987A,T22032C,C22033A,A22034G,A22108T,T22200G,C22208T,C22295A,C22353A,A22556G,G22577C,G22578A,A22629C,C22674T,T22679C,C22686T,A22688G,G22770A,G22775A,A22786C,G22813T,T22882G,G22895C,T22896A,G22898A,A22910G,C22916T,T22917G,T22926C,T22928C,T22942A,G22992A,C22995A,T23005A,G23012A,T23018C,T23019C,C23039G,A23055G,A23063T,T23075C,G23222A,C23271T,A23403G,C23423T,C23525T,T23599G,C23604G,C23854A,G23948T,C24378T,A24424T,T24469A,G24872T,C24990T,C25000T,C25006T,C25207T,G25352C,C25584T,G25647T,C26060T,T26171A,C26270T,G26529C,C26577G,A26610G,C26681T,G26709A,C26833T,C26858T,A27259C,G27382C,A27383T,T27384C,C27807T,T27810C,A28271T,C28291A,C28311T,G28881A,G28882A,G28883C,G28884C,C28958A,A29510C,A29570G	11288-11296,21633-21641,21765-21770,21992-21994,22194-22196,23009-23011,28362-28370			E:T9I,M:D3H,M:Q19E,M:T30A,M:A63T,M:A104V,N:P13L,N:R203K,N:G204P,N:Q229K,N:S413R,ORF1a:A599T,ORF1a:T842I,ORF1a:V1056L,ORF1a:G1307S,ORF1a:K1973R,ORF1a:V2090F,ORF1a:N2526S,ORF1a:A2710T,ORF1a:L3027F,ORF1a:T3090I,ORF1a:T3255I,ORF1a:P3395H,ORF1a:V3593F,ORF1a:R3821K,ORF1a:T4175I,ORF1b:P314L,ORF1b:R1315C,ORF1b:I1566V,ORF1b:T2163I,ORF3a:L85F,ORF3a:T223I,ORF3a:M260K,ORF6:D61L,ORF7b:F19L,ORF9b:P3H,ORF9b:P10S,S:T19I,S:R21T,S:T22N,S:A27S,S:S50L,S:F59S,S:V127F,S:G142D,S:F157S,S:R158G,S:K182N,S:L212I,S:V213G,S:L216F,S:H245N,S:A264D,S:I332V,S:G339H,S:K356T,S:S371F,S:S373P,S:S375F,S:T376A,S:R403K,S:D405N,S:R408S,S:K417N,S:N440K,S:V445H,S:G446S,S:N450D,S:L452W,S:L455S,S:F456L,S:N460K,S:S477N,S:T478K,S:N481K,S:E484K,S:F486P,S:Q493E,S:Q498R,S:N501Y,S:Y505H,S:E554K,S:A570V,S:D614G,S:P621S,S:H655Y,S:N679K,S:P681R,S:N764K,S:D796Y,S:S939F,S:Q954H,S:N969K,S:V1104L,S:P1143L,S:V1264L	N:E31-,N:R32-,N:S33-,ORF1a:S3675-,ORF1a:G3676-,ORF1a:F3677-,ORF9b:E27-,ORF9b:N28-,ORF9b:A29-,S:L24-,S:P25-,S:P26-,S:H69-,S:V70-,S:Y144-,S:N211-,S:V483-				C16887T,G25647T,T26171A	0	0	3	3			ORF3a:L85F,ORF3a:M260K	0	0	2	2	12389-12562,20677-21562	internal_XEC	T3707C,G6533T,C16887T,A22108T,G25352C,G25647T,T26171A,A29570G		ORF1a:V2090F,ORF3a:L85F,ORF3a:M260K,S:K182N,S:V1264L		internal_6329c955	C16887T,G25647T,T26171A		ORF3a:L85F,ORF3a:M260K		JN.1	G2060A,T3707C,G6533T,C16887T,C18657T,C19716T,C21627A,T21738C,A22108T,T22928C,C23039G,G24872T,C25006T,G25352C,G25647T,T26171A,C28291A,G28884C,A29570G		N:R204P,ORF1a:A599T,ORF1a:V2090F,ORF3a:L85F,ORF3a:M260K,ORF9b:P3H,S:T22N,S:F59S,S:K182N,S:F456L,S:Q493E,S:V1104L,S:V1264L		N/A	N/A	N/A	N/A	N/A	ORF1a:288,ORF1a:4042-4099,ORF1b:2404-2696		3000	28.148148	good	1060	10	0	good	0	24	-5	0	good	3		0	good	0		0		0	0	good		0	0	good	0				
0	Norway/2192/2025	24F	24F (XEC)		24F	XEC.38	XEC.38	5.222071	good	129	42	0	0	917	0	95	17	0	305	84204	1129	29733	0.9259271644985453	E:1,M:1,N:1,ORF1a:0.9320608952510793,ORF1b:0.891320474777448,ORF3a:1,ORF6:1,ORF7a:1,ORF7b:1,ORF8:1,ORF9b:1,S:1	false	T1582C,G2060A,C2790T,C3037T,G3431T,T3565C,G4184A,C4321T,C4827T,A6183G,A7842G,C8293T,G8393A,C9344T,A9424G,C9534T,C10029T,C10198T,G10447A,C10449A,G11042T,T11220C,G11727A,C12789T,C12815T,C12880T,T13339C,C14408T,C15714T,T15756A,C17410T,A18163G,A18492G,C18657T,C18894T,C19716T,C19955T,A20055G,C21618T,C21622T,G21624C,C21627A,C21711T,T21738C,G21941T,G21987A,T22032C,C22033A,A22034G,T22200G,C22208T,C22295A,C22353A,A22556G,G22577C,G22578A,A22629C,C22674T,T22679C,C22686T,A22688G,G22770A,G22775A,A22786C,G22813T,T22882G,G22895C,T22896A,G22898A,A22910G,C22916T,T22917G,T22926C,T22928C,T22942A,G22992A,C22995A,T23005A,G23012A,T23018C,T23019C,C23039G,A23055G,A23063T,T23075C,G23222A,C23271T,A23403G,C23423T,C23525T,T23599G,C23604G,C23854A,G23948T,C24378T,A24424T,T24469A,G24872T,C24990T,C25000T,C25006T,C25207T,G25352T,C25584T,C26060T,C26270T,G26529C,C26577G,A26610G,C26681T,G26709A,C26833T,C26858T,A27259C,G27382C,A27383T,T27384C,C27493T,C27807T,T27810C,A28271T,C28291A,C28311T,G28881A,G28882A,G28883C,G28884C,C28958A,A29510C	11288-11296,21633-21641,21765-21770,21992-21994,22194-22196,23009-23011,28362-28370			E:T9I,M:D3H,M:Q19E,M:T30A,M:A63T,M:A104V,N:P13L,N:R203K,N:G204P,N:Q229K,N:S413R,ORF1a:A599T,ORF1a:T842I,ORF1a:V1056L,ORF1a:G1307S,ORF1a:T1521I,ORF1a:K1973R,ORF1a:N2526S,ORF1a:A2710T,ORF1a:L3027F,ORF1a:T3090I,ORF1a:T3255I,ORF1a:P3395H,ORF1a:V3593F,ORF1a:M3652T,ORF1a:R3821K,ORF1a:T4175I,ORF1b:P314L,ORF1b:R1315C,ORF1b:I1566V,ORF1b:T2163I,ORF3a:T223I,ORF6:D61L,ORF7a:P34S,ORF7b:F19L,ORF9b:P3H,ORF9b:P10S,S:T19I,S:R21T,S:T22N,S:A27S,S:S50L,S:F59S,S:V127F,S:G142D,S:F157S,S:R158G,S:L212I,S:V213G,S:L216F,S:H245N,S:A264D,S:I332V,S:G339H,S:K356T,S:S371F,S:S373P,S:S375F,S:T376A,S:R403K,S:D405N,S:R408S,S:K417N,S:N440K,S:V445H,S:G446S,S:N450D,S:L452W,S:L455S,S:F456L,S:N460K,S:S477N,S:T478K,S:N481K,S:E484K,S:F486P,S:Q493E,S:Q498R,S:N501Y,S:Y505H,S:E554K,S:A570V,S:D614G,S:P621S,S:H655Y,S:N679K,S:P681R,S:N764K,S:D796Y,S:S939F,S:Q954H,S:N969K,S:V1104L,S:P1143L,S:V1264L	N:E31-,N:R32-,N:S33-,ORF1a:S3675-,ORF1a:G3676-,ORF1a:F3677-,ORF9b:E27-,ORF9b:N28-,ORF9b:A29-,S:L24-,S:P25-,S:P26-,S:H69-,S:V70-,S:Y144-,S:N211-,S:V483-				C4827T,T11220C,C27493T	0	0	3	3			ORF1a:T1521I,ORF1a:M3652T,ORF7a:P34S	0	0	3	3	6653-6683,20677-21562	internal_XEC	T1582C,C4827T,T11220C,G25352T,C27493T		ORF1a:T1521I,ORF1a:M3652T,ORF7a:P34S,S:V1264L		XEC.38	C4827T,T11220C,C27493T		ORF1a:T1521I,ORF1a:M3652T,ORF7a:P34S		JN.1	T1582C,G2060A,C4827T,T11220C,C18657T,C19716T,C21627A,T21738C,T22928C,C23039G,G24872T,C25006T,G25352T,C27493T,C28291A,G28884C		N:R204P,ORF1a:A599T,ORF1a:T1521I,ORF1a:M3652T,ORF7a:P34S,ORF9b:P3H,S:T22N,S:F59S,S:F456L,S:Q493E,S:V1104L,S:V1264L		N/A	N/A	N/A	N/A	N/A	ORF1a:288,ORF1a:2130-2140,ORF1b:2404-2696		3000	22.851852	good	917	10	0	good	0	24	-5	0	good	3		0	good	0		0		0	0	good		0	0	good	0				
2	Norway/2344/2025	24F	24F (XEC)		24F	XEC.8	XEC.8	29.710508	good	132	42	0	0	886	0	92	17	0	294	84223	1129	29733	0.9269638497809585	E:1,M:1,N:1,ORF1a:0.934560327198364,ORF1b:0.891320474777448,ORF3a:1,ORF6:1,ORF7a:1,ORF7b:1,ORF8:1,ORF9b:1,S:1	false	G1857T,C2790T,C3037T,G3431T,T3565C,G4184A,C4321T,C4999T,A6183G,A6256G,C7113T,A7842G,C8293T,G8393A,C9344T,A9424G,C9534T,C10029T,C10198T,G10447A,C10449A,G11042T,G11727A,G12223A,C12789T,C12815T,C12880T,T13339C,C14408T,C15714T,T15756A,C17410T,A18163G,A18492G,C18657T,C18894T,C19716T,C19955T,A20055G,C21618T,C21622T,G21624C,C21627A,C21711T,T21738C,G21941T,G21987A,T22032C,C22033A,A22034G,T22200G,C22208T,C22295A,C22353A,A22556G,G22577C,G22578A,A22629C,C22674T,T22679C,C22686T,A22688G,G22770A,G22775A,A22786C,G22813T,T22882G,G22895C,T22896A,G22898A,A22910G,C22916T,T22917G,T22926C,T22928C,T22942A,G22992A,C22995A,T23005A,G23012A,T23018C,T23019C,C23039G,A23055G,A23063T,T23075C,G23222A,C23271T,A23403G,C23423T,C23525T,T23599G,C23604G,C23854A,G23948T,T24376C,C24378T,A24424T,T24469A,G24757T,G24872T,C24990T,C25000T,C25006T,C25207T,C25584T,C25614T,C26060T,C26270T,G26529C,C26577G,A26610G,C26681T,G26709A,C26833T,C26858T,A27259C,G27382C,A27383T,T27384C,C27807T,T27810C,T27995C,A28271T,C28291A,C28311T,G28881A,G28882A,G28883C,G28884C,C28958A,A29510C	11288-11296,21633-21641,21765-21770,21992-21994,22194-22196,23009-23011,28362-28370			E:T9I,M:D3H,M:Q19E,M:T30A,M:A63T,M:A104V,N:P13L,N:R203K,N:G204P,N:Q229K,N:S413R,ORF1a:S531I,ORF1a:T842I,ORF1a:V1056L,ORF1a:G1307S,ORF1a:K1973R,ORF1a:T2283I,ORF1a:N2526S,ORF1a:A2710T,ORF1a:L3027F,ORF1a:T3090I,ORF1a:T3255I,ORF1a:P3395H,ORF1a:V3593F,ORF1a:R3821K,ORF1a:T4175I,ORF1b:P314L,ORF1b:R1315C,ORF1b:I1566V,ORF1b:T2163I,ORF3a:T223I,ORF6:D61L,ORF7b:F19L,ORF9b:P3H,ORF9b:P10S,S:T19I,S:R21T,S:T22N,S:A27S,S:S50L,S:F59S,S:V127F,S:G142D,S:F157S,S:R158G,S:L212I,S:V213G,S:L216F,S:H245N,S:A264D,S:I332V,S:G339H,S:K356T,S:S371F,S:S373P,S:S375F,S:T376A,S:R403K,S:D405N,S:R408S,S:K417N,S:N440K,S:V445H,S:G446S,S:N450D,S:L452W,S:L455S,S:F456L,S:N460K,S:S477N,S:T478K,S:N481K,S:E484K,S:F486P,S:Q493E,S:Q498R,S:N501Y,S:Y505H,S:E554K,S:A570V,S:D614G,S:P621S,S:H655Y,S:N679K,S:P681R,S:N764K,S:D796Y,S:S939F,S:Q954H,S:N969K,S:V1104L,S:P1143L	N:E31-,N:R32-,N:S33-,ORF1a:S3675-,ORF1a:G3676-,ORF1a:F3677-,ORF9b:E27-,ORF9b:N28-,ORF9b:A29-,S:L24-,S:P25-,S:P26-,S:H69-,S:V70-,S:Y144-,S:N211-,S:V483-		A2060G	C4999T|25A&24B,C7113T|24E&24C&24B&24G&25A&24D&25B	G1857T,A6256G,G12223A,G24757T,C25614T,T27995C	1	2	6	9	ORF1a:T599A		ORF1a:S531I,ORF1a:T2283I	1	0	2	3	20677-21562	internal_XEC	G1857T,A2060G,C4999T,A6256G,C7113T,G12223A,T24376C,G24757T,C25614T,T27995C		ORF1a:S531I,ORF1a:T599A,ORF1a:T2283I		internal_aacbd6a4	G1857T,A2060G,C4999T,A6256G,C7113T,G12223A,G24757T,C25614T,T27995C		ORF1a:S531I,ORF1a:T599A,ORF1a:T2283I		JN.1	G1857T,C4999T,A6256G,C7113T,G12223A,C18657T,C19716T,C21627A,T21738C,T22928C,C23039G,T24376C,G24757T,G24872T,C25006T,C25614T,T27995C,C28291A,G28884C		N:R204P,ORF1a:S531I,ORF1a:T2283I,ORF9b:P3H,S:T22N,S:F59S,S:F456L,S:Q493E,S:V1104L		N/A	N/A	N/A	N/A	N/A	ORF1a:288,ORF1b:2404-2696		3000	21.703704	good	886	10	0	good	0	24	12	50	mediocre	20		0	good	0		0		0	0	good		0	0	good	0				
1	Norway/26/2025	24F	24F (XEC)		24F	XEC.9	XEC.9	72.128056	mediocre	119	42	0	0	2523	0	86	17	0	853	86109	79	29840	0.9109119486339163	E:0.8947368421052632,M:1,N:1,ORF1a:0.8738922972051807,ORF1b:0.9543768545994066,ORF3a:0.9384057971014492,ORF6:1,ORF7a:1,ORF7b:1,ORF8:1,ORF9b:1,S:0.8822605965463108	false	C241T,T670G,C897A,C3037T,G3431T,T3565C,G3629A,G4184A,C4321T,A6183G,C7086T,C7113T,A7842G,G7936T,C8293T,G8393A,C9344T,A9424G,C9534T,G10447A,C10449A,G11042T,G11727A,C12789T,C12815T,C12880T,T13339C,C14408T,C15714T,T15756A,C17410T,A18163G,A18492G,C18657T,C18894T,C19716T,C19955T,C21618T,C21622T,G21624C,C21627A,C21711T,T21738C,G21941T,G21987A,T22032C,C22033A,A22034G,T22200G,C22208T,C22295A,C22353A,A22556G,G22577C,G22578A,A22629C,C22674T,T22679C,C22686T,A22688G,G22770A,G22775A,A22786C,G22813T,T22882G,G22895C,T22896A,G22898A,A22910G,C22916T,T22917G,T22926C,T22928C,T22942A,G22992A,C22995A,T23005A,G23012A,T23018C,T23019C,C23039G,A23055G,A23063T,T23075C,G23222A,C23271T,A23403G,C23854A,G23948T,G24872T,C24990T,C25000T,C25006T,C25207T,C25584T,C26270T,G26529C,C26577G,A26610G,C26681T,G26709A,C26833T,C26858T,A27259C,G27382C,A27383T,T27384C,C27807T,T27810C,A28271T,C28291A,C28311T,G28881A,G28882A,G28883C,G28884C,C28958A,C29370T,A29510C	11288-11296,21633-21641,21765-21770,21992-21994,22194-22196,23009-23011,28362-28370			E:T9I,M:D3H,M:Q19E,M:T30A,M:A63T,M:A104V,N:P13L,N:R203K,N:G204P,N:Q229K,N:T366I,N:S413R,ORF1a:S135R,ORF1a:A211D,ORF1a:V1056L,ORF1a:V1122I,ORF1a:G1307S,ORF1a:K1973R,ORF1a:T2274I,ORF1a:T2283I,ORF1a:N2526S,ORF1a:A2710T,ORF1a:L3027F,ORF1a:T3090I,ORF1a:P3395H,ORF1a:V3593F,ORF1a:R3821K,ORF1a:T4175I,ORF1b:P314L,ORF1b:R1315C,ORF1b:I1566V,ORF1b:T2163I,ORF6:D61L,ORF7b:F19L,ORF9b:P3H,ORF9b:P10S,S:T19I,S:R21T,S:T22N,S:A27S,S:S50L,S:F59S,S:V127F,S:G142D,S:F157S,S:R158G,S:L212I,S:V213G,S:L216F,S:H245N,S:A264D,S:I332V,S:G339H,S:K356T,S:S371F,S:S373P,S:S375F,S:T376A,S:R403K,S:D405N,S:R408S,S:K417N,S:N440K,S:V445H,S:G446S,S:N450D,S:L452W,S:L455S,S:F456L,S:N460K,S:S477N,S:T478K,S:N481K,S:E484K,S:F486P,S:Q493E,S:Q498R,S:N501Y,S:Y505H,S:E554K,S:A570V,S:D614G,S:N764K,S:D796Y,S:V1104L,S:P1143L	N:E31-,N:R32-,N:S33-,ORF1a:S3675-,ORF1a:G3676-,ORF1a:F3677-,ORF9b:E27-,ORF9b:N28-,ORF9b:A29-,S:L24-,S:P25-,S:P26-,S:H69-,S:V70-,S:Y144-,S:N211-,S:V483-		A2060G	C7113T|24E&24C&24B&24G&25A&24D&25B	G3629A,G7936T,C29370T	1	1	3	5	ORF1a:T599A		N:T366I,ORF1a:V1122I,ORF1a:T2283I	1	0	3	4	420-661,1341-1596,2604-2671,2788-2880,3884-3896,5090-5370,8750-8764,9020-9052,9950-10245,11757-11811,12478-12774,14710-14725,16387-16647,18464-18484,18836-18856,20016-20055,23411-23593,23599,23604,24210-24469,25389-25402,25531,26016-26049,26060,26343-26362	internal_XEC	A2060G,G3629A,C7086T,C7113T,G7936T,C29370T		N:T366I,ORF1a:T599A,ORF1a:V1122I,ORF1a:T2274I,ORF1a:T2283I		XEC.9	A2060G,G3629A,C7113T,G7936T,C29370T		N:T366I,ORF1a:T599A,ORF1a:V1122I,ORF1a:T2283I		JN.1	G3629A,C7086T,C7113T,G7936T,C18657T,C19716T,C21627A,T21738C,T22928C,C23039G,G24872T,C25006T,C28291A,G28884C,C29370T		N:R204P,N:T366I,ORF1a:V1122I,ORF1a:T2274I,ORF1a:T2283I,ORF9b:P3H,S:T22N,S:F59S,S:F456L,S:Q493E,S:V1104L		N/A	N/A	N/A	N/A	N/A	ORF1a:52-132,ORF1a:359-444,ORF1a:780-802,ORF1a:841-872,ORF1a:1207-1211,ORF1a:1609-1702,ORF1a:2829-2833,ORF1a:2919-2929,ORF1a:3229-3327,ORF1a:3831-3849,ORF1a:4071-4170,ORF1b:415-420,ORF1b:974-1060,ORF1b:1666-1673,ORF1b:1790-1797,ORF1b:2183-2196,S:617-677,S:679,S:681,S:883-969,ORF3a:1-4,ORF3a:47,ORF3a:209-219,ORF3a:223,E:33-40		3000	82.333333	mediocre	2523	10	0	good	0	24	5	20.833333	good	13		0	good	0		0		0	0	good		0	0	good	0				
5	Norway/7856/2025	24F	24F (XEC)		24F	XEC	XEC	14.062500	good	131	42	0	0	268	0	92	17	0	88	84845	1129	29733	0.9476306725077751	E:1,M:1,N:1,ORF1a:0.934560327198364,ORF1b:0.9677299703264095,ORF3a:1,ORF6:1,ORF7a:1,ORF7b:1,ORF8:1,ORF9b:1,S:1	false	C1150T,G2060A,C2790T,C2902T,C3037T,G3431T,T3565C,G4184A,C4321T,A6183G,C7420T,A7842G,C8293T,G8393A,C9344T,A9424G,C9534T,C10029T,C10156T,C10198T,G10447A,C10449A,G11042T,G11727A,C12789T,C12815T,C12880T,T13339C,G14346A,C14408T,C15714T,C15738T,T15756A,C17410T,A18163G,A18492G,C18657T,C18894T,C19716T,C19955T,A20055G,C21618T,C21622T,G21624C,C21627A,C21711T,T21738C,G21941T,G21987A,T22032C,C22033A,A22034G,T22200G,C22208T,C22295A,C22353A,A22556G,G22577C,G22578A,A22629C,C22674T,T22679C,C22686T,A22688G,G22770A,G22775A,A22786C,G22813T,T22882G,G22895C,T22896A,G22898A,A22910G,C22916T,G22918T,T22926C,T22928C,T22942A,G22992A,C22995A,T23005A,G23012A,T23018C,T23019C,C23039G,A23055G,A23063T,T23075C,G23222A,C23271T,A23403G,C23423T,C23525T,T23599G,C23604G,C23854A,G23948T,C24378T,A24424T,T24469A,G24872T,C24990T,C25000T,C25006T,C25207T,C25584T,C25609T,C26060T,C26270T,G26529C,C26577G,A26610G,C26681T,G26709A,C26833T,C26858T,A27259C,G27382C,A27383T,T27384C,C27807T,T27810C,A28271T,C28291A,C28311T,G28881A,G28882A,G28883C,G28884C,C28958A,A29510C	11288-11296,21633-21641,21765-21770,21992-21994,22194-22196,23009-23011,28362-28370			E:T9I,M:D3H,M:Q19E,M:T30A,M:A63T,M:A104V,N:P13L,N:R203K,N:G204P,N:Q229K,N:S413R,ORF1a:A599T,ORF1a:T842I,ORF1a:V1056L,ORF1a:G1307S,ORF1a:K1973R,ORF1a:N2526S,ORF1a:A2710T,ORF1a:L3027F,ORF1a:T3090I,ORF1a:T3255I,ORF1a:P3395H,ORF1a:V3593F,ORF1a:R3821K,ORF1a:T4175I,ORF1b:P314L,ORF1b:R1315C,ORF1b:I1566V,ORF1b:T2163I,ORF3a:L73F,ORF3a:T223I,ORF6:D61L,ORF7b:F19L,ORF9b:P3H,ORF9b:P10S,S:T19I,S:R21T,S:T22N,S:A27S,S:S50L,S:F59S,S:V127F,S:G142D,S:F157S,S:R158G,S:L212I,S:V213G,S:L216F,S:H245N,S:A264D,S:I332V,S:G339H,S:K356T,S:S371F,S:S373P,S:S375F,S:T376A,S:R403K,S:D405N,S:R408S,S:K417N,S:N440K,S:V445H,S:G446S,S:N450D,S:L452F,S:L455S,S:F456L,S:N460K,S:S477N,S:T478K,S:N481K,S:E484K,S:F486P,S:Q493E,S:Q498R,S:N501Y,S:Y505H,S:E554K,S:A570V,S:D614G,S:P621S,S:H655Y,S:N679K,S:P681R,S:N764K,S:D796Y,S:S939F,S:Q954H,S:N969K,S:V1104L,S:P1143L	N:E31-,N:R32-,N:S33-,ORF1a:S3675-,ORF1a:G3676-,ORF1a:F3677-,ORF9b:E27-,ORF9b:N28-,ORF9b:A29-,S:L24-,S:P25-,S:P26-,S:H69-,S:V70-,S:Y144-,S:N211-,S:V483-		G22917T	C15738T|23A&23F&23D&23B&22F&23E&23H&23G&24D&25B	C1150T,C2902T,C7420T,C10156T,G14346A,G22918T,C25609T	1	1	7	9			ORF3a:L73F,S:W452F	0	0	2	2	20677-20937,21556-21562	internal_XEC	C1150T,C2902T,C7420T,C10156T,G14346A,C15738T,G22917T,G22918T,C25609T		ORF3a:L73F,S:W452F		internal_XEC	C1150T,C2902T,C7420T,C10156T,G14346A,C15738T,G22917T,G22918T,C25609T		ORF3a:L73F,S:W452F		JN.1	C1150T,G2060A,C2902T,C7420T,C10156T,G14346A,C15738T,C18657T,C19716T,C21627A,T21738C,G22917T,G22918T,T22928C,C23039G,G24872T,C25006T,C25609T,C28291A,G28884C		N:R204P,ORF1a:A599T,ORF3a:L73F,ORF9b:P3H,S:T22N,S:F59S,S:W452F,S:F456L,S:Q493E,S:V1104L		N/A	N/A	N/A	N/A	N/A	ORF1a:288,ORF1b:2404-2490		3000	0	good	268	10	0	good	0	24	9	37.500000	mediocre	17		0	good	0		0		0	0	good		0	0	good	0				
4	Norway/3396/2025	24F	24F (XEC)		24F	XEC.29	XEC.29	4.710508	good	131	42	0	0	886	0	94	17	0	294	84227	1129	29733	0.9269638497809585	E:1,M:1,N:1,ORF1a:0.934560327198364,ORF1b:0.891320474777448,ORF3a:1,ORF6:1,ORF7a:1,ORF7b:1,ORF8:1,ORF9b:1,S:1	false	G2060A,C2790T,C3037T,G3431T,T3565C,G4184A,C4321T,C5812T,A6183G,G6309A,A7842G,C8293T,G8393A,C9344T,A9424G,C9534T,C10029T,C10198T,G10447A,C10449A,G11042T,G11727A,C12789T,C12815T,C12880T,T13339C,C14408T,C15714T,T15756A,C17410T,A18163G,A18492G,C18657T,C18894T,C19164T,C19716T,C19955T,A20055G,G20397A,C21618T,C21622T,G21624C,C21627A,C21711T,T21738C,G21941T,G21987A,T22032C,C22033A,A22034G,T22200G,C22208T,C22295A,C22353A,A22556G,G22577C,G22578A,A22629C,C22674T,T22679C,C22686T,A22688G,G22770A,G22775A,A22786C,G22813T,T22882G,G22895C,T22896A,G22898A,A22910G,C22916T,T22917G,T22926C,T22928C,T22942A,G22992A,C22995A,T23005A,G23012A,T23018C,T23019C,C23039G,A23055G,A23063T,T23075C,G23222A,C23271T,A23403G,C23423T,C23525T,T23599G,C23604G,C23854A,C23929T,G23948T,C24378T,A24424T,T24469A,G24872T,C24990T,C25000T,C25006T,C25207T,C25584T,C26060T,C26270T,G26529C,C26577G,A26610G,C26681T,G26709A,C26833T,C26858T,A27259C,G27382C,A27383T,T27384C,C27661T,C27807T,T27810C,A28271T,C28291A,C28311T,G28881A,G28882A,G28883C,G28884C,C28958A,C29274G,A29510C	11288-11296,21633-21641,21765-21770,21992-21994,22194-22196,23009-23011,28362-28370			E:T9I,M:D3H,M:Q19E,M:T30A,M:A63T,M:A104V,N:P13L,N:R203K,N:G204P,N:Q229K,N:T334R,N:S413R,ORF1a:A599T,ORF1a:T842I,ORF1a:V1056L,ORF1a:G1307S,ORF1a:K1973R,ORF1a:S2015N,ORF1a:N2526S,ORF1a:A2710T,ORF1a:L3027F,ORF1a:T3090I,ORF1a:T3255I,ORF1a:P3395H,ORF1a:V3593F,ORF1a:R3821K,ORF1a:T4175I,ORF1b:P314L,ORF1b:R1315C,ORF1b:I1566V,ORF1b:T2163I,ORF3a:T223I,ORF6:D61L,ORF7a:Q90*,ORF7b:F19L,ORF9b:P3H,ORF9b:P10S,S:T19I,S:R21T,S:T22N,S:A27S,S:S50L,S:F59S,S:V127F,S:G142D,S:F157S,S:R158G,S:L212I,S:V213G,S:L216F,S:H245N,S:A264D,S:I332V,S:G339H,S:K356T,S:S371F,S:S373P,S:S375F,S:T376A,S:R403K,S:D405N,S:R408S,S:K417N,S:N440K,S:V445H,S:G446S,S:N450D,S:L452W,S:L455S,S:F456L,S:N460K,S:S477N,S:T478K,S:N481K,S:E484K,S:F486P,S:Q493E,S:Q498R,S:N501Y,S:Y505H,S:E554K,S:A570V,S:D614G,S:P621S,S:H655Y,S:N679K,S:P681R,S:N764K,S:D796Y,S:S939F,S:Q954H,S:N969K,S:V1104L,S:P1143L	N:E31-,N:R32-,N:S33-,ORF1a:S3675-,ORF1a:G3676-,ORF1a:F3677-,ORF9b:E27-,ORF9b:N28-,ORF9b:A29-,S:L24-,S:P25-,S:P26-,S:H69-,S:V70-,S:Y144-,S:N211-,S:V483-				G6309A,C19164T,G20397A,C23929T,C27661T,C29274G	0	0	6	6			N:T334R,ORF1a:S2015N,ORF7a:Q90*	0	0	3	3	20677-21562	internal_XEC	C5812T,G6309A,C19164T,G20397A,C23929T,C27661T,C29274G		N:T334R,ORF1a:S2015N,ORF7a:Q90*		XEC.29	G6309A,C19164T,G20397A,C23929T,C27661T,C29274G		N:T334R,ORF1a:S2015N,ORF7a:Q90*		JN.1	G2060A,C5812T,G6309A,C18657T,C19164T,C19716T,G20397A,C21627A,T21738C,T22928C,C23039G,C23929T,G24872T,C25006T,C27661T,C28291A,G28884C,C29274G		N:R204P,N:T334R,ORF1a:A599T,ORF1a:S2015N,ORF7a:Q90*,ORF9b:P3H,S:T22N,S:F59S,S:F456L,S:Q493E,S:V1104L		N/A	N/A	N/A	N/A	N/A	ORF1a:288,ORF1b:2404-2696		3000	21.703704	good	886	10	0	good	0	24	-2	0	good	6		0	good	0		0		0	0	good		0	0	good	0				
7	Norway/7265/2025	24F	24F (XEC)		24F	XEC.2.2.1	XEC.2.2.1	94.598203	mediocre	133	40	0	1	1972	0	39	16	0	1904	83140	1129	29733	0.8906464234357757	E:1,M:1,N:1,ORF1a:0.8520790729379687,ORF1b:0.891320474777448,ORF3a:1,ORF6:1,ORF7a:1,ORF7b:1,ORF8:1,ORF9b:1,S:0.02119309262166405	false	C2790T,C3037T,G3431T,T3565C,G4184A,C4321T,A4364C,C4752T,G5180A,A6183G,A7842G,C8293T,G8393A,C9344T,A9424G,T9508C,C9534T,C10029T,C10198T,G10447A,C10449A,G11042T,C12789T,C12815T,C12880T,T13339C,C14408T,C15714T,T15756A,C17410T,A18163G,A18492G,C18657T,C18894T,C19716T,G19732A,C19955T,A20055G,C21618T,C21622T,G21624C,C21627A,T21656C,C21711T,T21738C,G21941T,G21987A,T22032C,C22033A,A22034G,T22200G,C22208T,C22295A,C22353A,A22556G,G22577C,G22578A,A22629C,C22674T,T22679C,C22686T,A22688G,G22770A,G22775A,A22786C,G22813T,T22882G,G22895C,T22896A,G22898A,A22910G,C22916T,T22917G,T22926C,T22928C,T22942A,G22992A,C22995A,T23005A,G23012A,T23018C,T23019C,C23039G,A23055G,A23063T,T23075C,G23222A,C23271T,C23277T,A23403G,C23423T,C23525T,T23599G,C23604G,C23854A,G23948T,C24378T,A24424T,T24469A,G24872T,C24990T,C25000T,C25006T,C25207T,C25521A,C25584T,C25614T,C26060T,C26270T,G26529C,C26577G,A26610G,C26681T,G26709A,C26833T,C26858T,A27259C,G27382C,A27383T,T27384C,C27807T,T27810C,C27879T,A28271T,C28291A,C28311T,G28881A,G28882A,G28883C,G28884C,C28958A,A29510C,G29628T	11288-11296,21635-21641,21765-21770,21992-21994,22194-22196,23009-23011,28362-28370		S:28-1274	E:T9I,M:D3H,M:Q19E,M:T30A,M:A63T,M:A104V,N:P13L,N:R203K,N:G204P,N:Q229K,N:S413R,ORF1a:T842I,ORF1a:V1056L,ORF1a:G1307S,ORF1a:I1367L,ORF1a:T1496I,ORF1a:D1639N,ORF1a:K1973R,ORF1a:N2526S,ORF1a:A2710T,ORF1a:L3027F,ORF1a:T3090I,ORF1a:T3255I,ORF1a:P3395H,ORF1a:V3593F,ORF1a:T4175I,ORF1b:P314L,ORF1b:R1315C,ORF1b:I1566V,ORF1b:V2089I,ORF1b:T2163I,ORF3a:F43L,ORF3a:T223I,ORF6:D61L,ORF7b:F19L,ORF7b:H42Y,ORF9b:P3H,ORF9b:P10S,S:T19I	N:E31-,N:R32-,N:S33-,ORF1a:S3675-,ORF1a:G3676-,ORF1a:F3677-,ORF9b:E27-,ORF9b:N28-,ORF9b:A29-,S:R21-,S:T22-,S:Q23-,S:L24-,S:P25-,S:P26-,S:A27-				C4752T,G5180A,G19732A,T21656C,C25521A,C25614T,C27879T,G29628T	0	0	8	8			ORF1a:T1496I,ORF1a:D1639N,ORF1b:V2089I,ORF3a:F43L,ORF7b:H42Y	0	0	5	5	11388-12473,20677-21562	internal_XEC	A2060G,A4364C,C4752T,G5180A,T9508C,G19732A,T21656C,C23277T,C25521A,C25614T,C27879T,G29628T		ORF1a:T599A,ORF1a:I1367L,ORF1a:T1496I,ORF1a:D1639N,ORF1b:V2089I,ORF3a:F43L,ORF7b:H42Y	S:T21-,S:N22-,S:Q23-,S:S27-	XEC.2.2.1	C4752T,G5180A,G19732A,T21656C,C25521A,C25614T,C27879T,G29628T		ORF1a:T1496I,ORF1a:D1639N,ORF1b:V2089I,ORF3a:F43L,ORF7b:H42Y	S:T21-,S:N22-,S:Q23-,S:S27-	JN.1	A4364C,C4752T,G5180A,T9508C,C18657T,C19716T,G19732A,C21627A,T21656C,T21738C,T22928C,C23039G,C23277T,G24872T,C25006T,C25521A,C25614T,C27879T,C28291A,G28884C,G29628T		N:R204P,ORF1a:I1367L,ORF1a:T1496I,ORF1a:D1639N,ORF1b:V2089I,ORF3a:F43L,ORF7b:H42Y,ORF9b:P3H	S:T21-,S:T22-,S:Q23-,S:S27-	N/A	N/A	N/A	N/A	N/A	ORF1a:288,ORF1a:3708-4070,ORF1b:2404-2696,S:28-1274		3000	61.925926	mediocre	1972	10	0	good	0	24	0	0	good	8		0	good	0	S:28-1274	1		0	75	mediocre		0	0	good	0				
6	Norway/8021/2025	24F	24F (XEC)		24F	XEC.32.1	XEC.32.1	0	good	138	42	0	0	0	0	98	17	0	1	85085	1129	29733	0.9565929839815404	E:1,M:1,N:1,ORF1a:0.934560327198364,ORF1b:1,ORF3a:1,ORF6:1,ORF7a:1,ORF7b:1,ORF8:1,ORF9b:1,S:1	false	C1722T,G2060A,C2110T,C2695T,C2790T,C3037T,G3431T,T3565C,G4184A,C4321T,A6183G,G6352T,C6896T,A7842G,G8258A,C8293T,G8393A,T8652C,C9344T,A9424G,C9534T,C10029T,C10198T,G10447A,C10449A,C10702T,G11042T,G11727A,C12789T,C12815T,C12880T,T13339C,C14408T,C15714T,T15756A,C15963A,C17410T,A18163G,A18492G,C18657T,C18894T,C19660T,C19716T,C19955T,A20055G,C21618T,C21622T,G21624C,C21627A,C21711T,T21738C,C21928T,G21941T,G21987A,T22032C,C22033A,A22034G,T22200G,C22208T,C22295A,C22353A,A22556G,G22577C,G22578A,A22629C,C22674T,T22679C,C22686T,A22688G,G22770A,G22775A,A22786C,G22813T,G22865T,T22882G,G22895C,T22896A,G22898A,A22910G,C22916T,T22917G,T22926C,T22928C,T22942A,G22992A,C22995A,T23005A,G23012A,T23018C,T23019C,C23039G,A23055G,A23063T,T23075C,G23222A,C23271T,A23403G,C23423T,C23525T,A23598G,T23599G,C23604G,C23854A,G23948T,C24378T,A24424T,T24469A,G24872T,C24990T,C25000T,C25006T,C25207T,C25584T,C26060T,C26270T,G26529C,C26577G,A26610G,C26681T,G26709A,C26833T,C26858T,A27259C,G27382C,A27383T,T27384C,C27807T,T27810C,C28093T,A28271T,C28291A,C28311T,G28881A,G28882A,G28883C,G28884C,C28958A,A29510C	11288-11296,21633-21641,21765-21770,21992-21994,22194-22196,23009-23011,28362-28370			E:T9I,M:D3H,M:Q19E,M:T30A,M:A63T,M:A104V,N:P13L,N:R203K,N:G204P,N:Q229K,N:S413R,ORF1a:A486V,ORF1a:A599T,ORF1a:T842I,ORF1a:V1056L,ORF1a:G1307S,ORF1a:K1973R,ORF1a:K2029N,ORF1a:N2526S,ORF1a:V2665I,ORF1a:A2710T,ORF1a:M2796T,ORF1a:L3027F,ORF1a:T3090I,ORF1a:T3255I,ORF1a:P3395H,ORF1a:V3593F,ORF1a:R3821K,ORF1a:T4175I,ORF1b:P314L,ORF1b:R1315C,ORF1b:I1566V,ORF1b:H2065Y,ORF1b:T2163I,ORF3a:T223I,ORF6:D61L,ORF7b:F19L,ORF8:S67F,ORF9b:P3H,ORF9b:P10S,S:T19I,S:R21T,S:T22N,S:A27S,S:S50L,S:F59S,S:V127F,S:G142D,S:F157S,S:R158G,S:L212I,S:V213G,S:L216F,S:H245N,S:A264D,S:I332V,S:G339H,S:K356T,S:S371F,S:S373P,S:S375F,S:T376A,S:R403K,S:D405N,S:R408S,S:K417N,S:A435S,S:N440K,S:V445H,S:G446S,S:N450D,S:L452W,S:L455S,S:F456L,S:N460K,S:S477N,S:T478K,S:N481K,S:E484K,S:F486P,S:Q493E,S:Q498R,S:N501Y,S:Y505H,S:E554K,S:A570V,S:D614G,S:P621S,S:H655Y,S:N679R,S:P681R,S:N764K,S:D796Y,S:S939F,S:Q954H,S:N969K,S:V1104L,S:P1143L	N:E31-,N:R32-,N:S33-,ORF1a:S3675-,ORF1a:G3676-,ORF1a:F3677-,ORF9b:E27-,ORF9b:N28-,ORF9b:A29-,S:L24-,S:P25-,S:P26-,S:H69-,S:V70-,S:Y144-,S:N211-,S:V483-				C2695T,G6352T	0	0	2	2			ORF1a:K2029N	0	0	1	1		internal_XEC	C1722T,C2110T,C2695T,G6352T,C6896T,G8258A,T8652C,C10702T,C15963A,C19660T,C21928T,G22865T,A23598G,C28093T		ORF1a:A486V,ORF1a:K2029N,ORF1a:V2665I,ORF1a:M2796T,ORF1b:H2065Y,ORF8:S67F,S:A435S,S:K679R		XEC.32.1	C2695T,G6352T		ORF1a:K2029N		JN.1	C1722T,G2060A,C2110T,C2695T,G6352T,C6896T,G8258A,T8652C,C10702T,C15963A,C18657T,C19660T,C19716T,C21627A,T21738C,C21928T,G22865T,T22928C,C23039G,A23598G,G24872T,C25006T,C28093T,C28291A,G28884C		N:R204P,ORF1a:A486V,ORF1a:A599T,ORF1a:K2029N,ORF1a:V2665I,ORF1a:M2796T,ORF1b:H2065Y,ORF8:S67F,ORF9b:P3H,S:T22N,S:F59S,S:A435S,S:F456L,S:Q493E,S:K679R,S:V1104L		N/A	N/A	N/A	N/A	N/A	ORF1a:288		3000	0	good	0	10	0	good	0	24	-6	0	good	2		0	good	0		0		0	0	good		0	0	good	0				
8	Norway/8106/2025	24F	24F (XEC)		24F	XEC.18.2	XEC.18.2	265.099880	bad	122	42	0	0	4625	0	87	17	0	1546	80524	1129	29733	0.801926228137645	E:1,M:0.6591928251121076,N:1,ORF1a:0.7814133151556465,ORF1b:0.8831602373887241,ORF3a:1,ORF6:1,ORF7a:0.09016393442622951,ORF7b:0.5681818181818182,ORF8:1,ORF9b:1,S:0.7252747252747253	false	G2060A,G2768A,C2790T,C3037T,G3431T,T3565C,G4184A,C4321T,A6183G,A7842G,C8293T,G8393A,G8615A,C9286T,C9344T,A9424G,C9534T,C10029T,C10189T,C10198T,G10447A,C10449A,G11042T,C14408T,C15714T,T15756A,C17410T,A18163G,A18492G,C18657T,C18894T,A19683G,C19716T,G19788A,C19955T,A20055G,C21618T,C21622T,G21624C,C21627A,C21711T,T21738C,G21941T,G21987A,T22032C,C22033A,A22034G,T22200G,C22208T,C22295A,C22353A,A22556G,G22577C,G22578A,A22629C,C22674T,T22679C,C22686T,A22688G,G22770A,G22775A,A22786C,G22813T,G22865T,T22882G,G22895C,T22896A,G22898A,A22910G,C22916T,T22917G,T22926C,T22928C,T22942A,G22992A,C22995A,T23005A,G23012A,T23018C,T23019C,C23039G,A23055G,A23063T,T23075C,G23222A,C23271T,G23285T,A23403G,C23423T,C23525T,C23530T,G24872T,C24990T,C25000T,C25006T,C25207T,C25584T,C25626T,C26060T,C26270T,G26529C,C26577G,A26610G,C26681T,G26709A,A27259C,G27382C,A27383T,T27384C,A28271T,C28291A,G28300T,C28311T,G28378T,G28881A,G28882A,G28883C,G28884C,C28958A,C29011T,A29305T,A29510C	11288-11296,21633-21641,21765-21770,21992-21994,22194-22196,23009-23011,28362-28370			E:T9I,M:D3H,M:Q19E,M:T30A,M:A63T,N:Q9H,N:P13L,N:R203K,N:G204P,N:Q229K,N:S413R,ORF1a:A599T,ORF1a:G835S,ORF1a:T842I,ORF1a:V1056L,ORF1a:G1307S,ORF1a:K1973R,ORF1a:N2526S,ORF1a:A2710T,ORF1a:A2784T,ORF1a:L3027F,ORF1a:T3090I,ORF1a:T3255I,ORF1a:P3395H,ORF1a:V3593F,ORF1b:P314L,ORF1b:R1315C,ORF1b:I1566V,ORF1b:T2163I,ORF3a:T223I,ORF6:D61L,ORF9b:P3H,ORF9b:S6I,ORF9b:P10S,ORF9b:R32L,S:T19I,S:R21T,S:T22N,S:A27S,S:S50L,S:F59S,S:V127F,S:G142D,S:F157S,S:R158G,S:L212I,S:V213G,S:L216F,S:H245N,S:A264D,S:I332V,S:G339H,S:K356T,S:S371F,S:S373P,S:S375F,S:T376A,S:R403K,S:D405N,S:R408S,S:K417N,S:A435S,S:N440K,S:V445H,S:G446S,S:N450D,S:L452W,S:L455S,S:F456L,S:N460K,S:S477N,S:T478K,S:N481K,S:E484K,S:F486P,S:Q493E,S:Q498R,S:N501Y,S:Y505H,S:E554K,S:A570V,S:A575S,S:D614G,S:P621S,S:H655Y,S:V1104L,S:P1143L	N:E31-,N:R32-,N:S33-,ORF1a:S3675-,ORF1a:G3676-,ORF1a:F3677-,ORF9b:E27-,ORF9b:N28-,ORF9b:A29-,S:L24-,S:P25-,S:P26-,S:H69-,S:V70-,S:Y144-,S:N211-,S:V483-		G23599T,G23604C		G2768A,G8615A,G23285T	2	0	3	5	S:K679N,S:R681P		ORF1a:G835S,ORF1a:A2784T,S:A575S	2	0	3	5	11448-13532,20677-21562,23610-24658,26833,26836-27057,27428-27808,27810	internal_XEC	G2768A,G8615A,C9286T,C10189T,A19683G,G19788A,G22865T,G23285T,C23530T,G23599T,G23604C,C25626T,G28300T,G28378T,C29011T,A29305T		N:Q9H,ORF1a:G835S,ORF1a:A2784T,ORF9b:S6I,ORF9b:R32L,S:A435S,S:A575S,S:K679N,S:R681P		XEC.18.2	G2768A,G8615A,G23285T,G23599T,G23604C		ORF1a:G835S,ORF1a:A2784T,S:A575S,S:K679N,S:R681P		JN.1	G2060A,G2768A,G8615A,C9286T,C10189T,C18657T,A19683G,C19716T,G19788A,C21627A,T21738C,G22865T,T22928C,C23039G,G23285T,C23530T,G23599T,G23604C,G24872T,C25006T,C25626T,C28291A,G28300T,G28378T,G28884C,C29011T,A29305T		N:Q9H,N:R204P,ORF1a:A599T,ORF1a:G835S,ORF1a:A2784T,ORF9b:P3H,ORF9b:S6I,ORF9b:R32L,S:T22N,S:F59S,S:A435S,S:F456L,S:Q493E,S:A575S,S:K679N,S:R681P,S:V1104L		N/A	N/A	N/A	N/A	N/A	ORF1a:288,ORF1a:3728-4401,ORF1b:1-22,ORF1b:2404-2696,S:683-1032,M:104-179,ORF7a:12-122,ORF7b:1-19		3000	160.185185	bad	4625	10	0	good	0	24	7	29.166667	good	15		0	good	0		0		0	0	good		0	0	good	0				
