strain	length	A	C	G	T	N	other_IUPAC	-	?	invalid_nucleotides
Norway/3331/2025	29903	8222	4997	5339	8913	2390	0	42	0	0
Norway/2192/2025	29903	8280	5027	5360	8947	2247	0	42	0	0
Norway/2344/2025	29903	8287	5031	5367	8960	2216	0	42	0	0
Norway/26/2025	29903	8110	4905	5270	8751	2825	0	42	0	0
Norway/7856/2025	29903	8483	5122	5480	9178	1598	0	42	0	0
Norway/3396/2025	29903	8290	5027	5367	8961	2216	0	42	0	0
Norway/7265/2025	29903	7977	4828	5155	8601	3302	0	40	0	0
Norway/8021/2025	29903	8572	5165	5536	9258	1330	0	42	0	0
Norway/8106/2025	29903	7185	4285	4639	7797	5955	0	42	0	0
